statement,label
Praia is a name of a country.,0
Thimphu is a name of a city.,1
Burma is a name of a country.,1
Yaren is a name of a country.,0
Transnistria is a name of a country.,1
Port Vila is a city in Vanuatu,1
Honiara is a name of a city.,1
Addis Ababa is a city in Bermuda,0
Panama City is a name of a country.,0
Malé is a city in Djibouti,0
Tiraspol is a city in Brunei,0
Anguilla is a name of a city.,0
Tarawa is a city in Kiribati,1
Bishkek is a name of a city.,1
Northern Mariana Islands is a name of a country.,1
Taipei is a city in Malta,0
Mali is a name of a city.,0
North Korea is a name of a city.,0
Tórshavn is a city in Spain,0
Lilongwe is a city in Malawi,1
China is a name of a city.,0
Laos is a name of a country.,1
Comoros is a name of a city.,0
Episkopi Cantonment is a city in Panama,0
Afghanistan is a name of a country.,1
Lesotho is a name of a country.,1
Tskhinvali is a name of a country.,0
Rome is a name of a country.,0
The Valley is a city in Zimbabwe,0
Haiti is a name of a country.,1
Saint Kitts and Nevis is a name of a country.,1
Spain is a name of a country.,1
Sukhumi is a name of a city.,1
George Town is a name of a country.,0
Nicosia is a city in Sahrawi Arab Democratic Republic ,0
London is a city in Indonesia,0
Havana is a name of a city.,1
Austria is a name of a city.,0
Samoa is a name of a city.,0
Saipan is a city in Kosovo,0
China is a name of a country.,1
Sweden is a name of a city.,0
Guam is a name of a city.,0
Malabo is a name of a city.,1
Athens is a name of a country.,0
Mbabane is a city in Turks and Caicos Islands,0
N'Djamena is a city in Iceland,0
Malabo is a name of a country.,0
Mexico City is a name of a country.,0
Kathmandu is a city in Jersey,0
Mexico is a name of a country.,1
Trinidad and Tobago is a name of a country.,1
Lilongwe is a city in Saint Lucia,0
Roseau is a name of a city.,1
Baghdad is a name of a city.,1
Saipan is a name of a city.,1
Dushanbe is a name of a city.,1
Dodoma is a city in Democratic Republic of the Congo,0
Uzbekistan is a name of a country.,1
Castries is a name of a country.,0
Nuku?alofa is a city in Tonga,1
Kigali is a name of a country.,0
Spain is a name of a city.,0
San Salvador is a city in Slovenia,0
Ankara is a city in Luxembourg,0
Port Louis is a name of a city.,1
Monrovia is a city in Namibia,0
Bern is a name of a city.,1
Ashgabat is a city in Guernsey,0
Washington D.C. is a name of a city.,1
Uruguay is a name of a country.,1
Seoul is a city in South Korea,1
Jamaica is a name of a city.,0
Managua is a city in Armenia,0
Lima is a name of a city.,1
Uruguay is a name of a city.,0
Paramaribo is a name of a city.,1
Sarajevo is a city in Mauritius,0
Marshall Islands is a name of a city.,0
Kiribati is a name of a city.,0
Fiji is a name of a country.,1
Ivory Coast is a name of a country.,1
Yaoundé is a city in Cameroon,1
Armenia is a name of a country.,1
Belmopan is a name of a city.,1
South Georgia and the South Sandwich Islands is a name of a city.,0
Equatorial Guinea is a name of a country.,1
Reykjavík is a name of a country.,0
Dili is a name of a city.,1
Somalia is a name of a country.,1
Tunisia is a name of a city.,0
Vilnius is a name of a city.,1
Ulan Bator is a city in Mongolia,1
Budapest is a name of a city.,1
Tuvalu is a name of a country.,1
Singapore is a city in Singapore,1
Bogotá is a city in Bulgaria,0
Tonga is a name of a city.,0
Andorra is a name of a country.,1
Ankara is a name of a country.,0
Morocco is a name of a city.,0
Beirut is a name of a country.,0
Saipan is a city in Northern Mariana Islands,1
St. George's is a name of a country.,0
Guyana is a name of a country.,1
Brasília is a name of a country.,0
Podgorica is a city in Cuba,0
Serbia is a name of a country.,1
Montenegro is a name of a country.,1
Bangui is a city in Central African Republic,1
Botswana is a name of a country.,1
Nicosia is a name of a city.,1
Niger is a name of a city.,0
Naypyidaw is a name of a country.,0
Riyadh is a city in Saudi Arabia,1
Gibraltar is a name of a city.,1
Kenya is a name of a country.,1
Sint Maarten is a name of a city.,0
Lusaka is a name of a country.,0
Russia is a name of a city.,0
Mozambique is a name of a country.,1
United Arab Emirates is a name of a city.,0
Djibouti is a name of a city.,0
Canada is a name of a country.,1
Sri Jayawardenepura Kotte is a city in Sri Lanka,1
Israel is a name of a city.,0
Benin is a name of a country.,1
Belgrade is a name of a city.,1
Tunis is a city in Nepal,0
Ulan Bator is a name of a city.,1
Paris is a name of a country.,0
Lusaka is a name of a city.,1
Nouméa is a city in New Caledonia,1
Ulan Bator is a name of a country.,0
Kingston is a name of a city.,1
Bangkok is a city in Moldova,0
Georgetown is a city in Ascension Island,1
Lilongwe is a name of a city.,1
Tbilisi is a city in Georgia,1
Guinea-Bissau is a name of a country.,1
Hagåtña is a name of a country.,0
Solomon Islands is a name of a country.,1
Dili is a city in Italy,0
Oranjestad is a city in Aruba,1
Tristan da Cunha is a name of a city.,0
American Samoa is a name of a country.,1
Juba is a city in Albania,0
Dakar is a city in Senegal,1
Astana is a name of a country.,0
Minsk is a city in Mozambique,0
Slovenia is a name of a country.,1
Lesotho is a name of a city.,0
Mexico City is a city in Mexico,1
Switzerland is a name of a country.,1
United States Virgin Islands is a name of a city.,0
Mbabane is a city in Swaziland,1
Rabat is a name of a city.,1
Tirana is a city in North Korea,0
Adamstown is a city in Hungary,0
Addis Ababa is a city in Uruguay,0
Sana'a is a city in Suriname,0
Tirana is a name of a country.,0
Rwanda is a name of a country.,1
Madrid is a name of a country.,0
Banjul is a city in Gambia,1
Sarajevo is a city in Bosnia and Herzegovina,1
Monaco is a name of a city.,0
San José is a name of a country.,0
Nuuk is a name of a country.,0
San Salvador is a name of a city.,1
Ecuador is a name of a country.,1
Banjul is a city in Norway,0
Puerto Rico is a name of a city.,0
Jakarta is a city in Indonesia,1
Willemstad is a name of a country.,0
Tirana is a name of a city.,1
Asunción is a city in New Caledonia,0
Poland is a name of a country.,1
Wellington is a city in Central African Republic,0
Amsterdam is a name of a country.,0
Santo Domingo is a name of a city.,1
Kingstown is a city in Saint Vincent and the Grenadines,1
Conakry is a city in Wallis and Futuna,0
Port Louis is a city in Latvia,0
Sarajevo is a name of a city.,1
Vaduz is a name of a city.,1
Brunei is a name of a city.,0
Portugal is a name of a country.,1
Nauru is a name of a city.,0
Philipsburg is a name of a city.,1
Tuvalu is a name of a city.,0
Suriname is a name of a country.,1
Jakarta is a name of a country.,0
Bissau is a name of a country.,0
Estonia is a name of a country.,1
Seoul is a name of a city.,1
Turks and Caicos Islands is a name of a country.,1
South Ossetia is a name of a city.,0
St. John's is a name of a city.,1
Santiago is a city in Chile,1
Senegal is a name of a city.,0
Praia is a name of a city.,1
Moscow is a name of a city.,1
Nicaragua is a name of a country.,1
Nicaragua is a name of a city.,0
Mbabane is a city in Antigua and Barbuda,0
Switzerland is a name of a city.,0
Manila is a name of a country.,0
Nagorno-Karabakh Republic is a name of a country.,1
Wallis and Futuna is a name of a city.,0
Taipei is a name of a country.,0
Maseru is a name of a country.,0
Podgorica is a name of a city.,1
East Timor is a name of a city.,0
Kathmandu is a name of a country.,0
Vientiane is a name of a city.,1
Honduras is a name of a country.,1
Jerusalem is a name of a city.,1
Pretoria is a city in Saint Kitts and Nevis,0
Port Vila is a name of a city.,1
Ireland is a name of a country.,1
Pago Pago is a name of a country.,0
Antananarivo is a name of a city.,1
St. John's is a city in Antigua and Barbuda,1
Minsk is a name of a country.,0
Bratislava is a name of a city.,1
Aruba is a name of a country.,1
Porto-Novo is a name of a country.,0
Mauritania is a name of a city.,0
Georgetown is a city in Guyana,1
Japan is a name of a city.,0
Norway is a name of a country.,1
Bermuda is a name of a city.,0
Norfolk Island is a name of a city.,0
Beijing is a city in China,1
Tskhinvali is a name of a city.,1
Angola is a name of a city.,0
Bangkok is a city in Thailand,1
Algiers is a city in Algeria,1
Port Moresby is a city in Barbados,0
Malaysia is a name of a country.,1
Adamstown is a name of a country.,0
Islamabad is a name of a city.,1
Panama is a name of a country.,1
Nairobi is a city in Kenya,1
Rabat is a city in Morocco,1
Niue is a name of a country.,1
Moldova is a name of a country.,1
Thimphu is a city in Bhutan,1
Guinea-Bissau is a name of a city.,0
Port of Spain is a city in Trinidad and Tobago,1
Papeete is a name of a city.,1
Dhaka is a city in Bangladesh,1
Caracas is a name of a city.,1
Togo is a name of a country.,1
Andorra la Vella is a name of a city.,1
Georgetown is a name of a country.,0
Oslo is a city in Norway,1
São Tomé and Príncipe is a name of a country.,1
Havana is a city in Cuba,1
Phnom Penh is a name of a city.,1
Port-au-Prince is a name of a city.,1
San Marino is a name of a city.,1
El Aaiún is a name of a city.,1
Santiago is a name of a country.,0
Slovakia is a name of a city.,0
Republic of the Congo is a name of a city.,0
Burkina Faso is a name of a country.,1
Funafuti is a city in Tuvalu,1
Beijing is a name of a city.,1
Yamoussoukro is a city in South Sudan,0
Accra is a city in Ghana,1
Majuro is a city in Algeria,0
Bamako is a city in Mali,1
Cook Islands is a name of a country.,1
Bucharest is a name of a country.,0
Oslo is a name of a city.,1
Willemstad is a name of a city.,1
Muscat is a city in American Samoa,0
Islamabad is a name of a country.,0
Swaziland is a name of a city.,0
St. George's is a city in Madagascar,0
Alofi is a name of a country.,0
Mongolia is a name of a city.,0
Honduras is a name of a city.,0
Morocco is a name of a country.,1
Pretoria is a city in South Africa,1
Mata-Utu is a name of a country.,0
Sana'a is a city in Monaco,0
Kingston is a name of a country.,0
Funafuti is a name of a country.,0
Basseterre is a city in Greece,0
Northern Cyprus is a name of a country.,1
Kingston is a name of a country.,0
Zimbabwe is a name of a city.,0
Oman is a name of a city.,0
Malé is a city in Chad,0
Rabat is a name of a country.,0
Asmara is a name of a city.,1
Bucharest is a city in Romania,1
Nigeria is a name of a city.,0
Indonesia is a name of a country.,1
Gambia is a name of a country.,1
Beirut is a city in Philippines,0
Amman is a name of a city.,1
Hamilton is a name of a city.,1
The Valley is a name of a country.,0
Bujumbura is a name of a country.,0
Hamilton is a city in Bermuda,1
Philipsburg is a city in Sint Maarten,1
Accra is a city in Sudan,0
Tripoli is a name of a country.,0
Lomé is a name of a city.,1
Prague is a city in Transnistria,0
Brazzaville is a name of a country.,0
Ghana is a name of a country.,1
Stanley is a city in Sint Maarten,0
Kuwait City is a name of a city.,1
Tegucigalpa is a city in Russia,0
George Town is a city in Libya,0
Tiraspol is a city in Transnistria,1
Qatar is a name of a country.,1
Asmara is a city in Belgium,0
Yerevan is a city in Sweden,0
Liechtenstein is a name of a country.,1
Majuro is a city in Mongolia,0
Apia is a city in Switzerland,0
Bangui is a city in Uganda,0
Copenhagen is a city in Denmark,1
United States Virgin Islands is a name of a country.,1
Naypyidaw is a city in Burma,1
Riyadh is a name of a country.,0
Beijing is a city in Palau,0
Rome is a city in Italy,1
Yamoussoukro is a city in Curaçao,0
Nauru is a name of a country.,1
Venezuela is a name of a country.,1
United Kingdom is a name of a country.,1
Road Town is a city in British Virgin Islands,1
Cuba is a name of a country.,1
Abu Dhabi is a name of a country.,0
Windhoek is a name of a city.,1
Dili is a city in Venezuela,0
Castries is a name of a city.,1
Dakar is a name of a city.,1
Beirut is a name of a city.,1
Bucharest is a city in Cook Islands,0
Tbilisi is a city in Akrotiri and Dhekelia,0
Taipei is a name of a city.,1
Amsterdam is a city in Netherlands,1
Doha is a name of a city.,1
Ukraine is a name of a country.,1
Argentina is a name of a city.,0
Budapest is a city in Saint Pierre and Miquelon,0
El Salvador is a name of a country.,1
Kuala Lumpur is a city in Dominica,0
Nagorno-Karabakh Republic is a name of a city.,0
Basseterre is a name of a country.,0
Port Moresby is a name of a country.,0
Nuuk is a city in Greenland,1
Ashgabat is a city in Turkmenistan,1
Japan is a name of a country.,1
Port Louis is a city in Mauritius,1
Kuwait City is a name of a country.,0
Saint Martin is a name of a country.,1
Asmara is a city in Chile,0
San José is a name of a city.,1
Jakarta is a city in Jamaica,0
New Zealand is a name of a city.,0
Flying Fish Cove is a city in Christmas Island,1
Montevideo is a city in Uruguay,1
Kathmandu is a city in Thailand,0
Tórshavn is a name of a city.,1
Algiers is a name of a country.,0
Tórshavn is a name of a country.,0
Maseru is a city in Lesotho,1
Brussels is a city in Mali,0
Hargeisa is a city in Somaliland,1
St. Helier is a city in Bahrain,0
Valletta is a name of a city.,1
Kampala is a name of a country.,0
Papua New Guinea is a name of a city.,0
Naypyidaw is a name of a city.,1
Praia is a city in Cape Verde,1
Tirana is a city in Albania,1
Mauritius is a name of a country.,1
Dominica is a name of a country.,1
San Juan is a city in Ethiopia,0
Taiwan is a name of a country.,1
Harare is a name of a country.,0
Cape Verde is a name of a country.,1
Hungary is a name of a country.,1
Mogadishu is a name of a country.,0
Niamey is a city in French Polynesia,0
Dublin is a name of a country.,0
Tanzania is a name of a city.,0
Estonia is a name of a city.,0
Albania is a name of a city.,0
Pakistan is a name of a country.,1
Honiara is a name of a country.,0
Yerevan is a city in Seychelles,0
Brasília is a city in Greenland,0
Vilnius is a city in Lithuania,1
Cook Islands is a name of a city.,0
Dodoma is a city in Tanzania,1
El Salvador is a name of a city.,0
Marigot is a city in Niger,0
Vienna is a city in Austria,1
Gabon is a name of a country.,1
Belgium is a name of a country.,1
Plymouth is a city in Montserrat,1
Abkhazia is a name of a country.,1
Douglas is a city in Isle of Man,1
Avarua is a city in Guam,0
Stanley is a city in Falkland Islands,1
Monaco is a name of a city.,1
Ankara is a city in Iran,0
Freetown is a name of a country.,0
Adamstown is a name of a city.,1
Manama is a name of a country.,0
Flying Fish Cove is a name of a country.,0
Jordan is a name of a country.,1
Malta is a name of a city.,0
Kuwait City is a city in Kuwait,1
Central African Republic is a name of a country.,1
Germany is a name of a city.,0
Charlotte Amalie is a city in United States Virgin Islands,1
Funafuti is a name of a city.,1
Ashgabat is a name of a country.,0
Dublin is a name of a city.,1
Sana'a is a name of a city.,1
Malawi is a name of a country.,1
Pyongyang is a city in North Korea,1
Nouakchott is a city in Cameroon,0
Slovakia is a name of a country.,1
Thailand is a name of a country.,1
São Tomé is a city in Puerto Rico,0
Vatican City is a name of a country.,0
Bermuda is a name of a country.,1
Stepanakert is a name of a city.,1
Singapore is a city in Slovakia,0
São Tomé is a name of a country.,0
Fiji is a name of a city.,0
South Sudan is a name of a city.,0
The Valley is a name of a city.,1
Berlin is a city in Vanuatu,0
Dili is a name of a country.,0
Gaborone is a city in Botswana,1
Baghdad is a city in Iraq,1
Tbilisi is a city in Israel,0
British Virgin Islands is a name of a country.,1
Belgrade is a city in Serbia,1
French Polynesia is a name of a city.,0
Episkopi Cantonment is a name of a country.,0
Doha is a name of a country.,0
Ouagadougou is a city in Haiti,0
Barbados is a name of a city.,0
Malabo is a city in Ivory Coast,0
Sucre is a city in Bolivia,1
Djibouti is a name of a country.,1
Kigali is a city in Rwanda,1
Madagascar is a name of a city.,0
Montevideo is a name of a city.,1
Damascus is a name of a country.,0
Warsaw is a city in Dominican Republic,0
Malé is a name of a city.,1
Kampala is a name of a city.,1
Australia is a name of a country.,1
Addis Ababa is a name of a country.,0
Tripoli is a city in Marshall Islands,0
Moroni is a name of a country.,0
Vatican City is a city in Gibraltar,0
Sudan is a name of a country.,1
Oslo is a name of a country.,0
Sucre is a city in Ukraine,0
Belgrade is a city in Guinea-Bissau,0
Niamey is a city in Niger,1
Apia is a name of a city.,1
Pyongyang is a name of a country.,0
The Valley is a city in Anguilla,1
West Island is a city in Belize,0
Hanga Roa is a city in Easter Island,1
Nigeria is a name of a country.,1
Ethiopia is a name of a country.,1
Tiraspol is a name of a country.,0
Belgium is a name of a city.,0
Plymouth is a name of a country.,0
Antananarivo is a name of a country.,0
Belize is a name of a country.,1
Grytviken is a name of a city.,1
Warsaw is a city in South Georgia and the South Sandwich Islands,0
Mbabane is a city in Kenya,0
Seychelles is a name of a city.,0
Georgia is a name of a country.,1
San Marino is a name of a country.,1
Harare is a city in Zimbabwe,1
Tashkent is a city in Uzbekistan,1
Kingstown is a name of a country.,0
Conakry is a city in Guinea,1
Kingstown is a city in Fiji,0
Quito is a city in Ecuador,1
Monrovia is a city in Liberia,1
Sint Maarten is a name of a country.,1
Bandar Seri Begawan is a name of a country.,0
Montserrat is a name of a country.,1
Zagreb is a city in Croatia,1
Kigali is a city in Serbia,0
Libreville is a name of a city.,1
Porto-Novo is a name of a city.,1
Isle of Man is a name of a city.,0
Swaziland is a name of a country.,1
Maputo is a name of a country.,0
George Town is a city in Cayman Islands,1
Mongolia is a name of a country.,1
Managua is a city in Nicaragua,1
San Marino is a name of a city.,0
Germany is a name of a country.,1
Sri Jayawardenepura Kotte is a city in United Arab Emirates,0
Rwanda is a name of a city.,0
Nairobi is a name of a city.,1
Monrovia is a name of a country.,0
Hargeisa is a name of a city.,1
Mogadishu is a name of a city.,1
South Korea is a name of a country.,1
Kiev is a city in Ukraine,1
Tirana is a city in Japan,0
Jamestown is a city in Honduras,0
Chile is a name of a country.,1
Italy is a name of a country.,1
Stockholm is a name of a country.,0
Guatemala is a name of a city.,0
Stockholm is a city in India,0
Lusaka is a city in Zambia,1
São Tomé is a name of a city.,1
Helsinki is a city in Finland,1
Saint Pierre and Miquelon is a name of a country.,1
Harare is a name of a city.,1
Grenada is a name of a country.,1
Kingston is a city in Jamaica,1
Juba is a city in Benin,0
Ljubljana is a name of a city.,1
Somaliland is a name of a country.,1
Hanga Roa is a name of a country.,0
Sri Jayawardenepura Kotte is a name of a city.,1
Cairo is a city in Egypt,1
Astana is a city in Canada,0
Canberra is a name of a country.,0
Malabo is a city in Equatorial Guinea,1
Costa Rica is a name of a country.,1
Malaysia is a name of a city.,0
Skopje is a name of a country.,0
United Kingdom is a name of a city.,0
Angola is a name of a country.,1
Amsterdam is a name of a city.,1
Sukhumi is a city in Abkhazia,1
Liechtenstein is a name of a city.,0
Sweden is a name of a country.,1
Guyana is a name of a city.,0
St. Helier is a name of a city.,1
Stepanakert is a name of a country.,0
Nassau is a name of a country.,0
Brazil is a name of a city.,0
Tegucigalpa is a name of a city.,1
Astana is a city in Kazakhstan,1
Dili is a city in East Timor,1
Singapore is a name of a country.,0
Palikir is a city in Federated States of Micronesia,1
Bhutan is a name of a country.,1
Episkopi Cantonment is a city in Aruba,0
Oranjestad is a name of a country.,0
Tunis is a city in Ecuador,0
Malta is a name of a country.,1
Lomé is a name of a country.,0
Stanley is a name of a city.,1
Honiara is a city in Solomon Islands,1
Philipsburg is a name of a country.,0
Tskhinvali is a city in New Zealand,0
Pristina is a city in Kosovo,1
Oman is a name of a country.,1
Kuwait City is a city in Swaziland,0
India is a name of a country.,1
Ljubljana is a name of a country.,0
Vietnam is a name of a city.,0
Ulan Bator is a city in Cocos Islands,0
Vaduz is a name of a country.,0
Alofi is a city in Niue,1
Nouakchott is a city in Bolivia,0
Bissau is a city in Sri Lanka,0
Turkmenistan is a name of a country.,1
Tashkent is a city in Cape Verde,0
San Salvador is a city in Maldives,0
São Tomé is a city in São Tomé and Príncipe,1
Benin is a name of a city.,0
Cambodia is a name of a country.,1
Tripoli is a city in Senegal,0
Brazzaville is a city in Republic of the Congo,1
Gibraltar is a city in Kuwait,0
Singapore is a name of a city.,0
Federated States of Micronesia is a name of a city.,0
Sri Jayawardenepura Kotte is a city in Yemen,0
Algiers is a name of a city.,1
Bamako is a name of a country.,0
Egypt is a name of a city.,0
Guam is a name of a country.,1
Dodoma is a name of a city.,1
Marigot is a city in Jordan,0
Curaçao is a name of a city.,0
Comoros is a name of a country.,1
Sofia is a name of a city.,1
Tbilisi is a city in Turkey,0
Doha is a city in Iraq,0
Phnom Penh is a name of a country.,0
Nuku?alofa is a name of a city.,1
Tirana is a city in Faroe Islands,0
Georgetown is a name of a city.,1
Adamstown is a city in Pitcairn Islands,1
Port Vila is a city in Nicaragua,0
Yamoussoukro is a name of a city.,1
Pristina is a name of a country.,0
Bridgetown is a city in Barbados,1
Panama City is a name of a city.,1
Republic of the Congo is a name of a country.,1
Chad is a name of a city.,0
Russia is a name of a country.,1
Avarua is a city in Nigeria,0
Luxembourg is a name of a country.,0
Djibouti is a name of a city.,1
Cockburn Town is a city in Turks and Caicos Islands,1
Luanda is a name of a country.,0
Tallinn is a name of a country.,0
Luxembourg is a name of a city.,0
Vietnam is a name of a country.,1
New Delhi is a name of a country.,0
Ashgabat is a name of a city.,1
Algeria is a name of a country.,1
Bratislava is a city in Slovakia,1
Monaco is a city in Monaco,1
Saint Helena is a name of a city.,0
Grytviken is a name of a country.,0
Skopje is a city in Macedonia,1
San José is a city in Costa Rica,1
New Delhi is a city in India,1
Helsinki is a name of a country.,0
Slovenia is a name of a city.,0
Ouagadougou is a city in Burkina Faso,1
Quito is a name of a country.,0
Freetown is a name of a city.,1
London is a city in United Kingdom,1
Yamoussoukro is a name of a country.,0
Nouakchott is a city in Lebanon,0
Porto-Novo is a city in Norfolk Island,0
Democratic Republic of the Congo is a name of a city.,0
Belarus is a name of a city.,0
Thimphu is a city in Qatar,0
Finland is a name of a city.,0
French Guiana is a name of a country.,1
Algeria is a name of a city.,0
Prague is a name of a country.,0
Washington D.C. is a city in United States,1
N'Djamena is a city in Eritrea,0
Malé is a name of a country.,0
Manila is a city in Philippines,1
Avarua is a name of a city.,1
Madagascar is a name of a country.,1
Taipei is a city in Taiwan,1
Botswana is a name of a city.,0
Greenland is a name of a country.,1
Asunción is a name of a country.,0
Ouagadougou is a name of a country.,0
Djibouti is a city in Djibouti,1
San Juan is a city in Puerto Rico,1
Kiev is a name of a country.,0
Khartoum is a city in Sudan,1
Kingston is a name of a city.,1
Kuala Lumpur is a city in Croatia,0
Hungary is a name of a city.,0
Tashkent is a name of a country.,0
Yerevan is a name of a country.,0
Maputo is a name of a city.,1
Indonesia is a name of a city.,0
Antananarivo is a city in Anguilla,0
Solomon Islands is a name of a city.,0
Cyprus is a name of a city.,0
Sudan is a name of a city.,0
Havana is a name of a country.,0
St. Pierre is a city in Saint Pierre and Miquelon,1
Porto-Novo is a city in Benin,1
Stockholm is a city in Sweden,1
Freetown is a city in Lesotho,0
Marigot is a name of a country.,0
New Caledonia is a name of a city.,0
Abuja is a name of a country.,0
Tbilisi is a city in Cayman Islands,0
Pago Pago is a name of a city.,1
Poland is a name of a city.,0
Bangkok is a name of a country.,0
Iraq is a name of a country.,1
Tanzania is a name of a country.,1
Riga is a name of a country.,0
Warsaw is a name of a city.,1
Vientiane is a city in Laos,1
Lilongwe is a name of a country.,0
N'Djamena is a name of a country.,0
Antigua and Barbuda is a name of a country.,1
Kosovo is a name of a city.,0
Monrovia is a name of a city.,1
Tallinn is a city in Estonia,1
Kuala Lumpur is a name of a city.,1
Roseau is a name of a country.,0
Latvia is a name of a country.,1
Andorra la Vella is a city in Andorra,1
Iran is a name of a country.,1
Liberia is a name of a country.,1
Baku is a name of a city.,1
Manila is a name of a city.,1
Windhoek is a name of a country.,0
Pyongyang is a name of a city.,1
Macedonia is a name of a country.,1
Burkina Faso is a name of a city.,0
Dushanbe is a name of a country.,0
Port Moresby is a name of a city.,1
Caracas is a city in Venezuela,1
Kosovo is a name of a country.,1
New Delhi is a name of a city.,1
Libya is a name of a country.,1
Brasília is a name of a city.,1
Prague is a city in Cyprus,0
Saint Vincent and the Grenadines is a name of a country.,1
Turkey is a name of a city.,0
Monaco is a name of a country.,0
Madrid is a city in Burundi,0
Maldives is a name of a country.,1
Beirut is a city in Peru,0
Hamilton is a name of a country.,0
Denmark is a name of a city.,0
Banjul is a name of a city.,1
Tiraspol is a name of a city.,1
Georgetown is a city in Mauritania,0
Panama is a name of a city.,0
Laos is a name of a city.,0
Sarajevo is a name of a country.,0
Bern is a city in Switzerland,1
Tbilisi is a name of a country.,0
Juba is a name of a country.,0
Baghdad is a name of a country.,0
Gaborone is a name of a city.,1
Saint Pierre and Miquelon is a name of a city.,0
Austria is a name of a country.,1
Ljubljana is a city in South Africa,0
Quito is a name of a city.,1
Road Town is a name of a city.,1
Marigot is a city in Saint Martin,1
Nassau is a name of a city.,1
Gabon is a name of a city.,0
Vaduz is a city in Colombia,0
Libreville is a name of a country.,0
Sucre is a name of a city.,1
Yerevan is a city in Armenia,1
Montenegro is a name of a city.,0
Apia is a city in Samoa,1
Tunis is a name of a country.,0
Tristan da Cunha is a name of a country.,1
Episkopi Cantonment is a name of a city.,1
Jersey is a name of a country.,1
Praia is a city in Tanzania,0
Managua is a name of a country.,0
Gambia is a name of a city.,0
George Town is a name of a city.,1
Barbados is a name of a country.,1
Bujumbura is a city in Burundi,1
Bandar Seri Begawan is a city in Brunei,1
Djibouti is a name of a country.,0
Brussels is a city in Belgium,1
Naypyidaw is a city in Saint Martin,0
Lebanon is a name of a city.,0
Egypt is a name of a country.,1
Uganda is a name of a country.,1
Amman is a name of a country.,0
St. Helier is a city in Jersey,1
Cayenne is a city in French Guiana,1
South Ossetia is a name of a country.,1
Yemen is a name of a country.,1
Somaliland is a name of a city.,0
Kiev is a city in Easter Island,0
Nouméa is a name of a city.,1
Charlotte Amalie is a name of a city.,1
Sofia is a city in Estonia,0
South Georgia and the South Sandwich Islands is a name of a country.,1
Brasília is a city in Brazil,1
Norfolk Island is a name of a country.,1
Albania is a name of a country.,1
Uzbekistan is a name of a city.,0
Victoria is a name of a country.,0
Tehran is a name of a country.,0
Mozambique is a name of a city.,0
Vanuatu is a name of a city.,0
Kampala is a city in Uganda,1
Bujumbura is a city in Tajikistan,0
Riyadh is a name of a city.,1
Bandar Seri Begawan is a name of a city.,1
Manila is a city in Poland,0
Eritrea is a name of a country.,1
Tarawa is a name of a country.,0
Abu Dhabi is a city in San Marino,0
Bangladesh is a name of a country.,1
Maputo is a city in Mozambique,1
Nicosia is a city in Lithuania,0
Lima is a city in Peru,1
Pago Pago is a city in Gambia,0
Majuro is a city in Marshall Islands,1
Colombia is a name of a country.,1
Conakry is a name of a country.,0
Yamoussoukro is a city in Ivory Coast,1
North Korea is a name of a country.,1
 Vatican City is a name of a city.,0
Phnom Penh is a city in Cambodia,1
Minsk is a city in Belarus,1
St. Peter Port is a name of a city.,1
United States is a name of a city.,0
Tashkent is a name of a city.,1
Belgrade is a name of a country.,0
South Sudan is a name of a country.,1
Sucre is a name of a country.,0
Abuja is a name of a city.,1
Mbabane is a name of a city.,1
Faroe Islands is a name of a city.,0
Australia is a name of a city.,0
Baghdad is a city in Bahamas,0
West Island is a name of a country.,0
Wallis and Futuna is a name of a country.,1
Cameroon is a name of a city.,0
Nuku?alofa is a city in Federated States of Micronesia,0
Minsk is a name of a city.,1
Port of Spain is a name of a country.,0
American Samoa is a name of a city.,0
Santiago is a name of a city.,1
Nairobi is a city in France,0
Tehran is a city in Iran,1
Moscow is a city in Russia,1
Nicosia is a name of a country.,0
Brussels is a name of a country.,0
Grytviken is a city in South Georgia and the South Sandwich Islands,1
Israel is a name of a country.,1
Warsaw is a city in Poland,1
Croatia is a name of a city.,0
Afghanistan is a name of a city.,0
Pretoria is a name of a city.,1
St. Helier is a name of a country.,0
Guernsey is a name of a city.,0
Mogadishu is a city in Somalia,1
Valletta is a city in Zambia,0
St. George's is a name of a city.,1
Juba is a city in South Sudan,1
Luanda is a name of a city.,1
Argentina is a name of a country.,1
Lisbon is a name of a country.,0
Burma is a name of a city.,0
Wellington is a city in New Zealand,1
Anguilla is a name of a country.,1
Edinburgh of the Seven Seas is a name of a city.,1
Abkhazia is a name of a city.,0
Abu Dhabi is a city in United Arab Emirates,1
Curaçao is a name of a country.,1
Equatorial Guinea is a name of a city.,0
Kathmandu is a city in Tristan da Cunha,0
Kathmandu is a city in China,0
Yaren is a city in Malawi,0
Cape Verde is a name of a city.,0
Alofi is a name of a city.,1
Belgrade is a city in Burma,0
Islamabad is a city in Morocco,0
Palikir is a name of a city.,1
Asunción is a name of a city.,1
San Juan is a name of a city.,1
Serbia is a name of a city.,0
Guernsey is a name of a country.,1
Ascension Island is a name of a country.,1
Accra is a name of a country.,0
Guinea is a name of a city.,0
Bulgaria is a name of a city.,0
Vientiane is a name of a country.,0
Warsaw is a name of a country.,0
Valletta is a name of a country.,0
Panama City is a city in Panama,1
Yaren is a name of a city.,1
Majuro is a name of a country.,0
Marshall Islands is a name of a country.,1
Kathmandu is a city in Nepal,1
Tokyo is a name of a city.,1
Manama is a name of a city.,1
Prague is a name of a city.,1
Athens is a city in Bangladesh,0
Port Moresby is a city in Papua New Guinea,1
Budapest is a city in Hungary,1
Federated States of Micronesia is a name of a country.,1
Palau is a name of a country.,1
Chad is a name of a country.,1
Nuuk is a name of a city.,1
Melekeok is a name of a city.,1
Singapore is a name of a country.,1
Latvia is a name of a city.,0
Quito is a city in Kazakhstan,0
Antananarivo is a city in Montenegro,0
Ashgabat is a city in Costa Rica,0
Antigua and Barbuda is a name of a city.,0
Avarua is a city in Syria,0
St. Peter Port is a city in Guernsey,1
Muscat is a name of a country.,0
Dodoma is a city in United Kingdom,0
Budapest is a name of a country.,0
Episkopi Cantonment is a city in Akrotiri and Dhekelia,1
Chisinau is a name of a city.,1
Copenhagen is a name of a city.,1
Tarawa is a city in Mexico,0
Ivory Coast is a name of a city.,0
Kinshasa is a name of a city.,1
Santo Domingo is a name of a country.,0
Namibia is a name of a country.,1
South Africa is a name of a city.,0
Ethiopia is a name of a city.,0
Tskhinvali is a city in South Ossetia,1
Iceland is a name of a country.,1
Windhoek is a city in Namibia,1
Tórshavn is a city in Faroe Islands,1
Central African Republic is a name of a city.,0
Nassau is a city in Bahamas,1
Dublin is a city in Ireland,1
Copenhagen is a city in  Vatican City,0
Sri Lanka is a name of a city.,0
Douglas is a name of a city.,1
Flying Fish Cove is a name of a city.,1
Bolivia is a name of a city.,0
Northern Cyprus is a name of a city.,0
San Marino is a city in San Marino,1
Melekeok is a city in Saint Helena,0
Philippines is a name of a country.,1
Suriname is a name of a city.,0
Denmark is a name of a country.,1
N'Djamena is a name of a city.,1
France is a name of a country.,1
Nepal is a name of a city.,0
Juba is a name of a city.,1
Christmas Island is a name of a country.,1
Bujumbura is a name of a city.,1
Pakistan is a name of a city.,0
Ljubljana is a city in Slovenia,1
Jerusalem is a city in Israel,1
St. Peter Port is a name of a country.,0
Bangui is a name of a city.,1
Ottawa is a name of a country.,0
Wellington is a name of a country.,0
Azerbaijan is a name of a country.,1
Jamestown is a city in Saint Helena,1
Gibraltar is a city in Gibraltar,1
Georgia is a name of a city.,0
Santo Domingo is a city in Dominican Republic,1
Ottawa is a name of a city.,1
Samoa is a name of a country.,1
Hanoi is a city in Vietnam,1
Prague is a city in Czech Republic,1
Saipan is a name of a country.,0
Beijing is a name of a country.,0
Skopje is a name of a city.,1
Hanga Roa is a name of a city.,1
Rabat is a city in Macedonia,0
Abu Dhabi is a name of a city.,1
Reykjavík is a city in El Salvador,0
Jamestown is a name of a country.,0
Italy is a name of a city.,0
Saint Kitts and Nevis is a name of a city.,0
Vatican City is a city in Germany,0
Accra is a city in Australia,0
Norway is a name of a city.,0
Avarua is a city in Cook Islands,1
Saint Vincent and the Grenadines is a name of a city.,0
Armenia is a name of a city.,0
Vaduz is a city in Nagorno-Karabakh Republic,0
Libreville is a city in Vietnam,0
Malawi is a name of a city.,0
Antananarivo is a city in Madagascar,1
Tokyo is a name of a country.,0
Bissau is a city in Angola,0
Niger is a name of a country.,1
Victoria is a city in Seychelles,1
Nepal is a name of a country.,1
Melekeok is a city in Palau,1
Chile is a name of a city.,0
Andorra is a name of a city.,0
Christmas Island is a name of a city.,0
Washington D.C. is a city in Saudi Arabia,0
Kyrgyzstan is a name of a country.,1
Asunción is a city in Liechtenstein,0
Episkopi Cantonment is a city in Guatemala,0
Moscow is a name of a country.,0
Kuwait is a name of a city.,0
Mauritania is a name of a country.,1
Sofia is a city in Bulgaria,1
Stepanakert is a city in Nagorno-Karabakh Republic,1
Kiev is a name of a city.,1
Castries is a city in Brazil,0
Grenada is a name of a city.,0
Philippines is a name of a city.,0
Roseau is a city in Dominica,1
Nassau is a city in British Virgin Islands,0
Sierra Leone is a name of a country.,1
Uganda is a name of a city.,0
Seychelles is a name of a country.,1
Colombia is a name of a city.,0
Madrid is a name of a city.,1
Copenhagen is a name of a country.,0
Bangladesh is a name of a city.,0
Saudi Arabia is a name of a city.,0
Sana'a is a city in Yemen,1
Tallinn is a city in Pitcairn Islands,0
Asmara is a city in Eritrea,1
Niamey is a name of a country.,0
Mali is a name of a country.,1
Helsinki is a name of a city.,1
Kabul is a name of a city.,1
Nouméa is a city in São Tomé and Príncipe,0
Kinshasa is a name of a country.,0
Conakry is a name of a city.,1
Puerto Rico is a name of a country.,1
Zimbabwe is a name of a country.,1
Valletta is a city in Malta,1
Tunis is a city in Tunisia,1
Paris is a name of a city.,1
Edinburgh of the Seven Seas is a city in Tristan da Cunha,1
Singapore is a name of a city.,1
Moroni is a city in Comoros,1
Lebanon is a name of a country.,1
Iran is a name of a city.,0
Tunis is a name of a city.,1
Romania is a name of a country.,1
Paramaribo is a city in Tonga,0
Pretoria is a name of a country.,0
San Salvador is a city in El Salvador,1
Pristina is a name of a city.,1
Yamoussoukro is a city in East Timor,0
Dhaka is a name of a city.,1
Cayman Islands is a name of a city.,0
Paramaribo is a city in Guinea,0
Riga is a name of a city.,1
Episkopi Cantonment is a city in Solomon Islands,0
Manama is a city in Bahrain,1
Kuala Lumpur is a city in Malaysia,1
Tunisia is a name of a country.,1
Thailand is a name of a city.,0
Tehran is a name of a city.,1
British Virgin Islands is a name of a city.,0
Syria is a name of a country.,1
Cayenne is a name of a city.,1
Sri Jayawardenepura Kotte is a name of a country.,0
United Arab Emirates is a name of a country.,1
Athens is a name of a city.,1
Pitcairn Islands is a name of a city.,0
Addis Ababa is a city in Cambodia,0
St. Helier is a city in Montserrat,0
Kyrgyzstan is a name of a city.,0
Dominica is a name of a city.,0
Andorra la Vella is a city in Liberia,0
Seoul is a name of a country.,0
Eritrea is a name of a city.,0
Guatemala City is a city in Guatemala,1
Brunei is a name of a country.,1
Cocos Islands is a name of a country.,1
Port-au-Prince is a name of a country.,0
Port Vila is a name of a country.,0
Papeete is a city in Botswana,0
Bogotá is a city in Colombia,1
Harare is a city in French Guiana,0
Greece is a name of a city.,0
Avarua is a name of a country.,0
Managua is a name of a city.,1
Lisbon is a name of a city.,1
Nairobi is a city in Andorra,0
Nicosia is a name of a country.,0
Bogotá is a name of a city.,1
Macedonia is a name of a city.,0
Mexico is a name of a city.,0
Zagreb is a name of a country.,0
Guatemala City is a name of a country.,0
Paris is a city in France,1
Riga is a city in Latvia,1
United States is a name of a country.,1
Dominican Republic is a name of a country.,1
Abuja is a city in Nigeria,1
Seoul is a city in Samoa,0
Croatia is a name of a country.,1
Tripoli is a city in Libya,1
Cambodia is a name of a city.,0
Chisinau is a city in Moldova,1
Stockholm is a name of a city.,1
Apia is a name of a country.,0
Turkey is a name of a country.,1
Asmara is a city in Isle of Man,0
Pitcairn Islands is a name of a country.,1
Venezuela is a name of a city.,0
Akrotiri and Dhekelia is a name of a country.,1
Melekeok is a name of a country.,0
Castries is a city in Saint Lucia,1
Niue is a name of a city.,0
Harare is a city in Falkland Islands,0
Madrid is a city in Spain,1
Mbabane is a city in Austria,0
Podgorica is a name of a country.,0
Asmara is a name of a country.,0
Berlin is a city in Germany,1
Greece is a name of a country.,1
Palikir is a name of a country.,0
Dodoma is a name of a country.,0
Luxembourg is a name of a country.,1
St. John's is a name of a country.,0
Victoria is a name of a city.,1
St. Pierre is a name of a country.,0
Washington D.C. is a name of a country.,0
Accra is a name of a city.,1
Bahrain is a name of a country.,1
Taiwan is a name of a city.,0
Aruba is a name of a city.,0
Sierra Leone is a name of a city.,0
Liberia is a name of a city.,0
Kuala Lumpur is a name of a country.,0
Zagreb is a name of a city.,1
Transnistria is a name of a city.,0
Bahamas is a name of a country.,1
Sofia is a name of a country.,0
Bridgetown is a name of a country.,0
Saint Martin is a name of a city.,0
St. George's is a city in Grenada,1
Vienna is a name of a city.,1
Gustavia is a name of a country.,0
Mata-Utu is a city in Saint Barthélemy,0
Canberra is a name of a city.,1
Kabul is a name of a country.,0
Nouakchott is a city in Mauritania,1
Dublin is a city in Ascension Island,0
Falkland Islands is a name of a country.,1
Khartoum is a name of a country.,0
Saint Lucia is a name of a city.,0
Islamabad is a city in Pakistan,1
Charlotte Amalie is a name of a country.,0
Reykjavík is a city in Iceland,1
Ecuador is a name of a city.,0
Vaduz is a city in Liechtenstein,1
Buenos Aires is a name of a city.,1
Hargeisa is a name of a country.,0
Saint Lucia is a name of a country.,1
Bangui is a name of a country.,0
Portugal is a name of a city.,0
Brazzaville is a name of a city.,1
Tarawa is a name of a city.,1
Luxembourg is a name of a city.,1
Paramaribo is a name of a country.,0
Suva is a name of a country.,0
Jamestown is a name of a city.,1
Wellington is a name of a city.,1
Oranjestad is a name of a city.,1
Nicosia is a name of a city.,1
Saint Barthélemy is a name of a city.,0
Buenos Aires is a city in Argentina,1
Bishkek is a name of a country.,0
Kingston is a city in Norfolk Island,1
Damascus is a city in Syria,1
Belize is a name of a city.,0
Vatican City is a city in  Vatican City,1
Freetown is a city in Sierra Leone,1
Hanoi is a name of a city.,1
Gibraltar is a name of a city.,0
Tokyo is a city in Japan,1
Belarus is a name of a country.,1
South Korea is a name of a city.,0
Mauritius is a name of a city.,0
Addis Ababa is a city in Nauru,0
Kigali is a city in Northern Cyprus,0
Tajikistan is a name of a city.,0
Yaoundé is a name of a city.,1
Cayman Islands is a name of a country.,1
Kazakhstan is a name of a country.,1
Bishkek is a city in Kyrgyzstan,1
Belmopan is a city in Belize,1
Azerbaijan is a name of a city.,0
Kabul is a city in Afghanistan,1
Senegal is a name of a country.,1
Ashgabat is a city in Trinidad and Tobago,0
Sri Lanka is a name of a country.,1
Sukhumi is a city in Christmas Island,0
Port Louis is a city in Belarus,0
Easter Island is a name of a country.,1
Montevideo is a name of a country.,0
Togo is a name of a city.,0
Mata-Utu is a name of a city.,1
Saudi Arabia is a name of a country.,1
Majuro is a name of a city.,1
Costa Rica is a name of a city.,0
Andorra la Vella is a name of a country.,0
Nouakchott is a name of a country.,0
Cairo is a name of a city.,1
Port-au-Prince is a city in Haiti,1
Guatemala is a name of a country.,1
Ouagadougou is a city in Ireland,0
West Island is a city in Cocos Islands,1
Tbilisi is a city in United States Virgin Islands,0
Mata-Utu is a city in Wallis and Futuna,1
Jersey is a name of a city.,0
Chisinau is a name of a country.,0
Port of Spain is a name of a city.,1
Jamaica is a name of a country.,1
East Timor is a name of a country.,1
Brussels is a name of a city.,1
Podgorica is a city in Argentina,0
Gibraltar is a name of a country.,0
Paramaribo is a city in Tuvalu,0
Adamstown is a city in Northern Mariana Islands,0
Bamako is a name of a city.,1
Luanda is a city in Angola,1
Kenya is a name of a city.,0
Canberra is a city in Australia,1
Cyprus is a name of a country.,1
Jamestown is a city in Abkhazia,0
Gibraltar is a name of a country.,1
Kinshasa is a city in Democratic Republic of the Congo,1
Vatican City is a name of a city.,1
Beirut is a city in Lebanon,1
New Zealand is a name of a country.,1
Nuku?alofa is a name of a country.,0
Iraq is a name of a city.,0
Hagåtña is a city in Guam,1
Bahrain is a name of a city.,0
Easter Island is a name of a city.,0
Pago Pago is a city in American Samoa,1
Gaborone is a name of a country.,0
Monaco is a city in Romania,0
Kampala is a city in Gabon,0
Kuwait is a name of a country.,1
Zambia is a name of a country.,1
El Aaiún is a city in Sahrawi Arab Democratic Republic ,1
Yaren is a city in Nauru,1
Banjul is a name of a country.,0
London is a name of a country.,0
Willemstad is a city in Curaçao,1
Bosnia and Herzegovina is a name of a country.,1
 Vatican City is a name of a country.,1
Tegucigalpa is a name of a country.,0
Port of Spain is a city in Turkmenistan,0
Caracas is a name of a country.,0
Ghana is a name of a city.,0
San Marino is a city in Rwanda,0
Oslo is a city in Tunisia,0
Plymouth is a name of a city.,1
Ascension Island is a name of a city.,0
Damascus is a name of a city.,1
Yerevan is a name of a city.,1
Libya is a name of a city.,0
Burundi is a name of a country.,1
Bern is a name of a country.,0
Papua New Guinea is a name of a country.,1
Bissau is a city in Guinea-Bissau,1
Cairo is a name of a country.,0
Czech Republic is a name of a country.,1
St. Pierre is a name of a city.,1
Jakarta is a name of a city.,1
Maseru is a city in Guyana,0
Athens is a city in Greece,1
Guatemala City is a name of a city.,1
Ireland is a name of a city.,0
Romania is a name of a city.,0
Bratislava is a name of a country.,0
Gustavia is a name of a city.,1
Sana'a is a city in Somaliland,0
Maseru is a name of a city.,1
Niamey is a name of a city.,1
Trinidad and Tobago is a name of a city.,0
San Salvador is a name of a country.,0
Edinburgh of the Seven Seas is a city in South Korea,0
Addis Ababa is a name of a city.,1
Baku is a city in Azerbaijan,1
Isle of Man is a name of a country.,1
Port Louis is a name of a country.,0
Nouakchott is a name of a city.,1
Thimphu is a name of a country.,0
Grytviken is a city in Sierra Leone,0
Dakar is a name of a country.,0
Nicosia is a city in Cyprus,1
French Polynesia is a name of a country.,1
Sana'a is a name of a country.,0
Turks and Caicos Islands is a name of a city.,0
Bogotá is a name of a country.,0
Ouagadougou is a name of a city.,1
Phnom Penh is a city in United States,0
Podgorica is a city in Montenegro,1
Zambia is a name of a city.,0
Kiribati is a name of a country.,1
Gustavia is a city in Saint Barthélemy,1
Netherlands is a name of a city.,0
Syria is a name of a city.,0
Lithuania is a name of a city.,0
Kathmandu is a city in Taiwan,0
Papeete is a name of a country.,0
N'Djamena is a city in Chad,1
Nicosia is a city in Northern Cyprus,1
Muscat is a city in Oman,1
Haiti is a name of a city.,0
Luxembourg is a city in Luxembourg,1
Monaco is a name of a country.,1
Andorra la Vella is a city in Oman,0
Vilnius is a name of a country.,0
Tonga is a name of a country.,1
Papeete is a city in French Polynesia,1
Ukraine is a name of a city.,0
Berlin is a name of a city.,1
Lithuania is a name of a country.,1
Basseterre is a city in Saint Kitts and Nevis,1
Paraguay is a name of a country.,1
Tallinn is a name of a city.,1
Peru is a name of a country.,1
South Africa is a name of a country.,1
Somalia is a name of a city.,0
Ottawa is a city in Canada,1
Belmopan is a name of a country.,0
Suva is a city in Fiji,1
Cockburn Town is a name of a city.,1
Cocos Islands is a name of a city.,0
London is a name of a city.,1
Faroe Islands is a name of a country.,1
Lisbon is a city in Portugal,1
Rome is a city in Malaysia,0
Doha is a city in Czech Republic,0
Amsterdam is a city in Saint Vincent and the Grenadines,0
Saint Barthélemy is a name of a country.,1
Sucre is a city in Uzbekistan,0
Basseterre is a name of a city.,1
Paraguay is a name of a city.,0
Bissau is a name of a city.,1
Nairobi is a name of a country.,0
Baku is a name of a country.,0
Reykjavík is a name of a city.,1
Montserrat is a name of a city.,0
Road Town is a name of a country.,0
San Marino is a name of a country.,0
Paramaribo is a city in Suriname,1
France is a name of a city.,0
Moldova is a name of a city.,0
Qatar is a name of a city.,0
Libreville is a city in Gabon,1
Stanley is a name of a country.,0
Mbabane is a name of a country.,0
Tbilisi is a name of a city.,1
Kingstown is a name of a city.,1
Khartoum is a name of a city.,1
Vienna is a name of a country.,0
Kinshasa is a city in South Ossetia,0
Cameroon is a name of a country.,1
Edinburgh of the Seven Seas is a name of a country.,0
Dhaka is a name of a country.,0
Nouméa is a name of a country.,0
Burundi is a name of a city.,0
Kathmandu is a name of a city.,1
Rome is a name of a city.,1
Ankara is a city in Turkey,1
Buenos Aires is a name of a country.,0
New Caledonia is a name of a country.,1
Sukhumi is a name of a country.,0
Douglas is a name of a country.,0
Kigali is a name of a city.,1
Greenland is a name of a city.,0
Brazil is a name of a country.,1
Hanoi is a city in Grenada,0
Vanuatu is a name of a country.,1
San Juan is a city in Afghanistan,0
Bolivia is a name of a country.,1
Lima is a name of a country.,0
Doha is a city in Qatar,1
Oranjestad is a city in Papua New Guinea,0
Hanoi is a name of a country.,0
Tskhinvali is a city in Pakistan,0
Northern Mariana Islands is a name of a city.,0
Jordan is a name of a city.,0
Rome is a city in Netherlands,0
Cockburn Town is a name of a country.,0
Lomé is a city in Togo,1
Kazakhstan is a name of a city.,0
Doha is a city in Comoros,0
Netherlands is a name of a country.,1
Kiev is a city in Kiribati,0
Dushanbe is a city in Tajikistan,1
Bulgaria is a name of a country.,1
Suva is a name of a city.,1
Ankara is a name of a city.,1
Antananarivo is a city in Denmark,0
Bucharest is a name of a city.,1
Tashkent is a city in Bhutan,0
Bridgetown is a name of a city.,1
Addis Ababa is a city in Ethiopia,1
Moroni is a name of a city.,1
Baku is a city in Burkina Faso,0
Vientiane is a city in Kyrgyzstan,0
Amsterdam is a city in Republic of the Congo,0
Sahrawi Arab Democratic Republic  is a name of a city.,0
Hagåtña is a name of a city.,1
Palau is a name of a city.,0
Chisinau is a city in Egypt,0
Saint Helena is a name of a country.,1
Mexico City is a name of a city.,1
Czech Republic is a name of a city.,0
Turkmenistan is a name of a city.,0
Democratic Republic of the Congo is a name of a country.,1
Marigot is a name of a city.,1
Baku is a city in Paraguay,0
Peru is a name of a city.,0
Cayenne is a name of a country.,0
Akrotiri and Dhekelia is a name of a city.,0
Asunción is a city in Paraguay,1
Guinea is a name of a country.,1
El Aaiún is a name of a country.,0
Tallinn is a city in Somalia,0
Georgetown is a name of a city.,1
Falkland Islands is a name of a city.,0
Monrovia is a city in Bosnia and Herzegovina,0
Roseau is a city in Georgia,0
Tegucigalpa is a city in Honduras,1
St. John's is a city in Azerbaijan,0
Amman is a city in Jordan,1
Bratislava is a city in Finland,0
Tarawa is a city in Niue,0
Port Moresby is a city in Togo,0
Jerusalem is a name of a country.,0
Muscat is a name of a city.,1
Bosnia and Herzegovina is a name of a city.,0
Namibia is a name of a city.,0
Yaoundé is a name of a country.,0
Kingston is a city in Singapore,0
Bangkok is a name of a city.,1
Dominican Republic is a name of a city.,0
Lima is a city in Laos,0
Maldives is a name of a city.,0
Georgetown is a name of a country.,0
Bahamas is a name of a city.,0
Managua is a city in Portugal,0
São Tomé and Príncipe is a name of a city.,0
Sahrawi Arab Democratic Republic  is a name of a country.,1
French Guiana is a name of a city.,0
Oranjestad is a city in Ghana,0
Iceland is a name of a city.,0
Yemen is a name of a city.,0
Finland is a name of a country.,1
San Juan is a name of a country.,0
West Island is a name of a city.,1
Canada is a name of a city.,0
Astana is a name of a city.,1
India is a name of a city.,0
Malé is a city in Maldives,1
Cuba is a name of a city.,0
Singapore is a city in Equatorial Guinea,0
Bhutan is a name of a city.,0
Tajikistan is a name of a country.,1
Berlin is a name of a country.,0
Tripoli is a name of a city.,1
